<?xml version="1.0" encoding="UTF-8" standalone="yes"?>
<calcChain xmlns="http://schemas.openxmlformats.org/spreadsheetml/2006/main"><c r="E40" i="4" l="1"/><c r="E39" i="4"/><c r="B41" i="4" l="1"/><c r="B44" i="4" s="1"/><c r="D65" i="4" l="1"/><c r="E17" i="4" l="1"/><c r="B46" i="4" l="1"/><c r="B47" i="4" s="1"/><c r="E42" i="4" s="1"/><c r="B14" i="5"/><c r="B12" i="5"/><c r="B13" i="5" s="1"/><c r="B10" i="5"/><c r="B8" i="5"/><c r="B9" i="5" s="1"/><c r="B11" i="5" s="1"/><c r="B45" i="4" l="1"/><c r="E41" i="4" s="1"/><c r="B48" i="4"/><c r="E43" i="4" s="1"/></calcChain>