<?xml version="1.0" encoding="UTF-8" standalone="yes"?>
<styleSheet xmlns="http://schemas.openxmlformats.org/spreadsheetml/2006/main" xmlns:mc="http://schemas.openxmlformats.org/markup-compatibility/2006" mc:Ignorable="x14ac" xmlns:x14ac="http://schemas.microsoft.com/office/spreadsheetml/2009/9/ac"><numFmts count="7"><numFmt numFmtId="44" formatCode="_ &quot;R&quot;\ * #,##0.00_ ;_ &quot;R&quot;\ * \-#,##0.00_ ;_ &quot;R&quot;\ * &quot;-&quot;??_ ;_ @_ "/><numFmt numFmtId="164" formatCode="0.0%"/><numFmt numFmtId="165" formatCode="0.0"/><numFmt numFmtId="166" formatCode="yyyy\-mm\-dd;@"/><numFmt numFmtId="167" formatCode="dd/mm/yyyy;@"/><numFmt numFmtId="168" formatCode="[$-1C09]mmmm\ yyyy;@"/><numFmt numFmtId="169" formatCode="[$-1C09]dd\ mmmm\ yyyy;@"/></numFmts><fonts count="15" x14ac:knownFonts="1"><font><sz val="10"/><name val="MS Sans Serif"/></font><font><sz val="10"/><name val="Arial"/><family val="2"/></font><font><sz val="10"/><name val="Arial"/><family val="2"/></font><font><b/><sz val="10"/><name val="Arial"/><family val="2"/></font><font><sz val="10"/><color indexed="14"/><name val="Arial"/><family val="2"/></font><font><sz val="10"/><name val="Miriam Fixed"/><family val="3"/><charset val="177"/></font><font><b/><sz val="10"/><name val="Miriam Fixed"/><family val="3"/><charset val="177"/></font><font><i/><sz val="10"/><name val="Arial"/><family val="2"/></font><font><b/><i/><sz val="10"/><name val="Arial"/><family val="2"/></font><font><b/><i/><sz val="9"/><color rgb="FFFF0000"/><name val="Arial"/><family val="2"/></font><font><b/><i/><sz val="10"/><color theme="4" tint="-0.249977111117893"/><name val="Arial"/><family val="2"/></font><font><b/><i/><sz val="8"/><name val="Arial"/><family val="2"/></font><font><sz val="9"/><name val="Arial"/><family val="2"/></font><font><i/><sz val="8"/><name val="Arial"/><family val="2"/></font><font><b/><sz val="12"/><name val="Arial"/><family val="2"/></font></fonts><fills count="10"><fill><patternFill patternType="none"/></fill><fill><patternFill patternType="gray125"/></fill><fill><patternFill patternType="solid"><fgColor indexed="14"/><bgColor indexed="64"/></patternFill></fill><fill><patternFill patternType="solid"><fgColor indexed="42"/><bgColor indexed="64"/></patternFill></fill><fill><patternFill patternType="solid"><fgColor indexed="45"/><bgColor indexed="64"/></patternFill></fill><fill><patternFill patternType="solid"><fgColor indexed="8"/><bgColor indexed="64"/></patternFill></fill><fill><patternFill patternType="solid"><fgColor indexed="43"/><bgColor indexed="64"/></patternFill></fill><fill><patternFill patternType="solid"><fgColor rgb="FFFFFF00"/><bgColor indexed="64"/></patternFill></fill><fill><patternFill patternType="solid"><fgColor theme="2" tint="-9.9948118533890809E-2"/><bgColor indexed="64"/></patternFill></fill><fill><patternFill patternType="solid"><fgColor theme="2" tint="-0.24994659260841701"/><bgColor indexed="64"/></patternFill></fill></fills><borders count="32"><border><left/><right/><top/><bottom/><diagonal/></border><border><left style="medium"><color indexed="64"/></left><right style="medium"><color indexed="64"/></right><top style="medium"><color indexed="64"/></top><bottom style="medium"><color indexed="64"/></bottom><diagonal/></border><border><left/><right/><top style="medium"><color indexed="64"/></top><bottom/><diagonal/></border><border><left style="thin"><color indexed="64"/></left><right style="thin"><color indexed="64"/></right><top style="thin"><color indexed="64"/></top><bottom style="thin"><color indexed="64"/></bottom><diagonal/></border><border><left style="medium"><color indexed="64"/></left><right/><top/><bottom/><diagonal/></border><border><left style="medium"><color indexed="64"/></left><right/><top style="medium"><color indexed="64"/></top><bottom/><diagonal/></border><border><left style="thin"><color indexed="64"/></left><right style="medium"><color indexed="64"/></right><top style="medium"><color indexed="64"/></top><bottom style="thin"><color indexed="64"/></bottom><diagonal/></border><border><left style="thin"><color indexed="64"/></left><right style="medium"><color indexed="64"/></right><top style="thin"><color indexed="64"/></top><bottom style="thin"><color indexed="64"/></bottom><diagonal/></border><border><left style="medium"><color indexed="64"/></left><right/><top/><bottom style="medium"><color indexed="64"/></bottom><diagonal/></border><border><left/><right/><top/><bottom style="medium"><color indexed="64"/></bottom><diagonal/></border><border><left style="thin"><color indexed="64"/></left><right style="medium"><color indexed="64"/></right><top style="thin"><color indexed="64"/></top><bottom style="medium"><color indexed="64"/></bottom><diagonal/></border><border><left style="thin"><color indexed="64"/></left><right style="medium"><color indexed="64"/></right><top/><bottom/><diagonal/></border><border><left style="thin"><color indexed="64"/></left><right style="medium"><color indexed="64"/></right><top style="medium"><color indexed="64"/></top><bottom/><diagonal/></border><border><left/><right style="thin"><color indexed="64"/></right><top/><bottom style="medium"><color indexed="64"/></bottom><diagonal/></border><border><left style="thin"><color indexed="64"/></left><right style="medium"><color indexed="64"/></right><top/><bottom style="medium"><color indexed="64"/></bottom><diagonal/></border><border><left style="medium"><color indexed="64"/></left><right/><top style="medium"><color indexed="64"/></top><bottom style="medium"><color indexed="64"/></bottom><diagonal/></border><border><left/><right/><top style="medium"><color indexed="64"/></top><bottom style="medium"><color indexed="64"/></bottom><diagonal/></border><border><left/><right style="medium"><color indexed="64"/></right><top style="medium"><color indexed="64"/></top><bottom style="medium"><color indexed="64"/></bottom><diagonal/></border><border><left/><right style="medium"><color auto="1"/></right><top style="medium"><color auto="1"/></top><bottom/><diagonal/></border><border><left/><right style="medium"><color auto="1"/></right><top/><bottom/><diagonal/></border><border><left/><right style="medium"><color auto="1"/></right><top/><bottom style="medium"><color auto="1"/></bottom><diagonal/></border><border><left style="thin"><color indexed="64"/></left><right style="thin"><color indexed="64"/></right><top style="thin"><color indexed="64"/></top><bottom/><diagonal/></border><border><left style="thin"><color indexed="64"/></left><right style="thin"><color indexed="64"/></right><top/><bottom/><diagonal/></border><border><left style="thin"><color indexed="64"/></left><right style="thin"><color indexed="64"/></right><top/><bottom style="thin"><color indexed="64"/></bottom><diagonal/></border><border><left style="medium"><color auto="1"/></left><right style="thin"><color auto="1"/></right><top style="medium"><color auto="1"/></top><bottom style="thin"><color auto="1"/></bottom><diagonal/></border><border><left style="thin"><color auto="1"/></left><right style="thin"><color auto="1"/></right><top style="medium"><color auto="1"/></top><bottom style="thin"><color auto="1"/></bottom><diagonal/></border><border><left style="medium"><color auto="1"/></left><right style="thin"><color auto="1"/></right><top style="thin"><color auto="1"/></top><bottom style="thin"><color auto="1"/></bottom><diagonal/></border><border><left style="medium"><color auto="1"/></left><right style="thin"><color auto="1"/></right><top style="thin"><color auto="1"/></top><bottom style="medium"><color auto="1"/></bottom><diagonal/></border><border><left style="thin"><color auto="1"/></left><right style="thin"><color auto="1"/></right><top style="thin"><color auto="1"/></top><bottom style="medium"><color auto="1"/></bottom><diagonal/></border><border><left style="medium"><color auto="1"/></left><right style="thin"><color auto="1"/></right><top style="medium"><color auto="1"/></top><bottom style="medium"><color auto="1"/></bottom><diagonal/></border><border><left style="thin"><color auto="1"/></left><right style="thin"><color auto="1"/></right><top style="medium"><color auto="1"/></top><bottom style="medium"><color auto="1"/></bottom><diagonal/></border><border><left style="thin"><color auto="1"/></left><right style="medium"><color auto="1"/></right><top style="medium"><color auto="1"/></top><bottom style="medium"><color auto="1"/></bottom><diagonal/></border></borders><cellStyleXfs count="4"><xf numFmtId="0" fontId="0" fillId="0" borderId="0"/><xf numFmtId="0" fontId="2" fillId="0" borderId="0"/><xf numFmtId="9" fontId="2" fillId="0" borderId="0" applyFont="0" applyFill="0" applyBorder="0" applyAlignment="0" applyProtection="0"/><xf numFmtId="44" fontId="2" fillId="0" borderId="0" applyFont="0" applyFill="0" applyBorder="0" applyAlignment="0" applyProtection="0"/></cellStyleXfs><cellXfs count="137"><xf numFmtId="0" fontId="0" fillId="0" borderId="0" xfId="0"/><xf numFmtId="0" fontId="1" fillId="0" borderId="0" xfId="0" applyFont="1" applyAlignment="1"><alignment horizontal="justify" vertical="center"/></xf><xf numFmtId="0" fontId="1" fillId="0" borderId="0" xfId="0" applyFont="1" applyAlignment="1"><alignment horizontal="left" vertical="center"/></xf><xf numFmtId="0" fontId="4" fillId="2" borderId="0" xfId="1" applyFont="1" applyFill="1" applyBorder="1" applyAlignment="1"><alignment vertical="center"/></xf><xf numFmtId="0" fontId="2" fillId="0" borderId="0" xfId="1" applyBorder="1" applyAlignment="1"><alignment vertical="center"/></xf><xf numFmtId="0" fontId="3" fillId="3" borderId="5" xfId="1" applyFont="1" applyFill="1" applyBorder="1" applyAlignment="1"><alignment vertical="center"/></xf><xf numFmtId="0" fontId="2" fillId="3" borderId="2" xfId="1" applyFill="1" applyBorder="1" applyAlignment="1"><alignment vertical="center"/></xf><xf numFmtId="0" fontId="3" fillId="3" borderId="4" xfId="1" applyFont="1" applyFill="1" applyBorder="1" applyAlignment="1"><alignment vertical="center"/></xf><xf numFmtId="164" fontId="0" fillId="3" borderId="0" xfId="2" applyNumberFormat="1" applyFont="1" applyFill="1" applyBorder="1" applyAlignment="1"><alignment vertical="center"/></xf><xf numFmtId="1" fontId="2" fillId="3" borderId="0" xfId="1" applyNumberFormat="1" applyFill="1" applyBorder="1" applyAlignment="1"><alignment vertical="center"/></xf><xf numFmtId="0" fontId="2" fillId="3" borderId="0" xfId="1" applyFill="1" applyBorder="1" applyAlignment="1"><alignment vertical="center"/></xf><xf numFmtId="0" fontId="3" fillId="4" borderId="8" xfId="1" applyFont="1" applyFill="1" applyBorder="1" applyAlignment="1"><alignment vertical="center"/></xf><xf numFmtId="1" fontId="3" fillId="4" borderId="9" xfId="1" applyNumberFormat="1" applyFont="1" applyFill="1" applyBorder="1" applyAlignment="1"><alignment vertical="center"/></xf><xf numFmtId="0" fontId="3" fillId="5" borderId="4" xfId="1" applyFont="1" applyFill="1" applyBorder="1" applyAlignment="1"><alignment vertical="center"/></xf><xf numFmtId="1" fontId="3" fillId="5" borderId="0" xfId="1" applyNumberFormat="1" applyFont="1" applyFill="1" applyBorder="1" applyAlignment="1"><alignment vertical="center"/></xf><xf numFmtId="0" fontId="3" fillId="5" borderId="11" xfId="1" applyFont="1" applyFill="1" applyBorder="1" applyAlignment="1"><alignment horizontal="center" vertical="center"/></xf><xf numFmtId="0" fontId="3" fillId="6" borderId="5" xfId="1" applyFont="1" applyFill="1" applyBorder="1" applyAlignment="1"><alignment vertical="center"/></xf><xf numFmtId="1" fontId="2" fillId="6" borderId="2" xfId="1" applyNumberFormat="1" applyFill="1" applyBorder="1" applyAlignment="1"><alignment vertical="center"/></xf><xf numFmtId="0" fontId="3" fillId="6" borderId="4" xfId="1" applyFont="1" applyFill="1" applyBorder="1" applyAlignment="1"><alignment vertical="center"/></xf><xf numFmtId="1" fontId="1" fillId="6" borderId="0" xfId="1" applyNumberFormat="1" applyFont="1" applyFill="1" applyBorder="1" applyAlignment="1"><alignment vertical="center"/></xf><xf numFmtId="0" fontId="3" fillId="4" borderId="4" xfId="1" applyFont="1" applyFill="1" applyBorder="1" applyAlignment="1"><alignment vertical="center"/></xf><xf numFmtId="1" fontId="3" fillId="4" borderId="0" xfId="1" applyNumberFormat="1" applyFont="1" applyFill="1" applyBorder="1" applyAlignment="1"><alignment vertical="center"/></xf><xf numFmtId="1" fontId="3" fillId="6" borderId="0" xfId="1" applyNumberFormat="1" applyFont="1" applyFill="1" applyBorder="1" applyAlignment="1"><alignment vertical="center"/></xf><xf numFmtId="0" fontId="3" fillId="4" borderId="4" xfId="1" applyFont="1" applyFill="1" applyBorder="1" applyAlignment="1"><alignment horizontal="left" vertical="center" wrapText="1"/></xf><xf numFmtId="2" fontId="3" fillId="4" borderId="0" xfId="1" applyNumberFormat="1" applyFont="1" applyFill="1" applyBorder="1" applyAlignment="1"><alignment vertical="center"/></xf><xf numFmtId="164" fontId="3" fillId="4" borderId="13" xfId="1" applyNumberFormat="1" applyFont="1" applyFill="1" applyBorder="1" applyAlignment="1"><alignment vertical="center"/></xf><xf numFmtId="0" fontId="5" fillId="0" borderId="0" xfId="0" applyFont="1"/><xf numFmtId="0" fontId="1" fillId="0" borderId="0" xfId="0" applyFont="1" applyFill="1" applyBorder="1" applyAlignment="1"><alignment horizontal="justify" vertical="center"/></xf><xf numFmtId="0" fontId="6" fillId="0" borderId="0" xfId="0" applyFont="1"/><xf numFmtId="1" fontId="1" fillId="8" borderId="1" xfId="0" applyNumberFormat="1" applyFont="1" applyFill="1" applyBorder="1" applyAlignment="1"><alignment horizontal="right" vertical="center"/></xf><xf numFmtId="0" fontId="1" fillId="8" borderId="1" xfId="0" applyFont="1" applyFill="1" applyBorder="1" applyAlignment="1"><alignment horizontal="right" vertical="center"/></xf><xf numFmtId="2" fontId="1" fillId="8" borderId="1" xfId="0" applyNumberFormat="1" applyFont="1" applyFill="1" applyBorder="1" applyAlignment="1"><alignment horizontal="right" vertical="center"/></xf><xf numFmtId="0" fontId="7" fillId="0" borderId="0" xfId="0" applyFont="1" applyFill="1" applyBorder="1" applyAlignment="1"><alignment horizontal="justify" vertical="center"/></xf><xf numFmtId="0" fontId="7" fillId="7" borderId="1" xfId="0" applyFont="1" applyFill="1" applyBorder="1" applyAlignment="1" applyProtection="1"><alignment horizontal="right" vertical="center"/><protection locked="0"/></xf><xf numFmtId="1" fontId="7" fillId="7" borderId="1" xfId="0" applyNumberFormat="1" applyFont="1" applyFill="1" applyBorder="1" applyAlignment="1" applyProtection="1"><alignment horizontal="right" vertical="center"/><protection locked="0"/></xf><xf numFmtId="2" fontId="7" fillId="7" borderId="1" xfId="0" applyNumberFormat="1" applyFont="1" applyFill="1" applyBorder="1" applyAlignment="1" applyProtection="1"><alignment horizontal="right" vertical="center"/><protection locked="0"/></xf><xf numFmtId="0" fontId="1" fillId="0" borderId="2" xfId="0" applyFont="1" applyBorder="1" applyAlignment="1"><alignment horizontal="justify" vertical="center"/></xf><xf numFmtId="0" fontId="1" fillId="0" borderId="2" xfId="0" applyFont="1" applyBorder="1" applyAlignment="1"><alignment horizontal="left" vertical="center"/></xf><xf numFmtId="0" fontId="1" fillId="0" borderId="18" xfId="0" applyFont="1" applyBorder="1" applyAlignment="1"><alignment horizontal="justify" vertical="center"/></xf><xf numFmtId="0" fontId="1" fillId="0" borderId="4" xfId="0" applyFont="1" applyBorder="1" applyAlignment="1"><alignment horizontal="left" vertical="center"/></xf><xf numFmtId="0" fontId="1" fillId="0" borderId="0" xfId="0" applyFont="1" applyBorder="1" applyAlignment="1"><alignment horizontal="justify" vertical="center"/></xf><xf numFmtId="0" fontId="1" fillId="0" borderId="0" xfId="0" applyFont="1" applyBorder="1" applyAlignment="1"><alignment horizontal="left" vertical="center"/></xf><xf numFmtId="0" fontId="1" fillId="0" borderId="19" xfId="0" applyFont="1" applyBorder="1" applyAlignment="1"><alignment horizontal="justify" vertical="center"/></xf><xf numFmtId="0" fontId="1" fillId="0" borderId="19" xfId="0" applyFont="1" applyFill="1" applyBorder="1" applyAlignment="1"><alignment horizontal="right" vertical="center"/></xf><xf numFmtId="2" fontId="1" fillId="0" borderId="19" xfId="0" applyNumberFormat="1" applyFont="1" applyFill="1" applyBorder="1" applyAlignment="1"><alignment horizontal="right" vertical="center"/></xf><xf numFmtId="0" fontId="1" fillId="0" borderId="19" xfId="0" applyFont="1" applyBorder="1" applyAlignment="1"><alignment horizontal="right" vertical="center"/></xf><xf numFmtId="0" fontId="3" fillId="0" borderId="4" xfId="0" applyFont="1" applyBorder="1" applyAlignment="1"><alignment horizontal="left" vertical="center"/></xf><xf numFmtId="0" fontId="1" fillId="0" borderId="0" xfId="0" applyFont="1" applyBorder="1" applyAlignment="1"><alignment horizontal="right" vertical="center"/></xf><xf numFmtId="0" fontId="9" fillId="0" borderId="0" xfId="0" applyFont="1" applyBorder="1" applyAlignment="1"><alignment horizontal="left" vertical="center"/></xf><xf numFmtId="0" fontId="3" fillId="0" borderId="3" xfId="0" applyFont="1" applyBorder="1"/><xf numFmtId="165" fontId="3" fillId="0" borderId="3" xfId="0" applyNumberFormat="1" applyFont="1" applyBorder="1" applyAlignment="1"><alignment horizontal="left"/></xf><xf numFmtId="166" fontId="3" fillId="0" borderId="3" xfId="0" applyNumberFormat="1" applyFont="1" applyBorder="1" applyAlignment="1"><alignment horizontal="left" vertical="center"/></xf><xf numFmtId="167" fontId="3" fillId="0" borderId="3" xfId="0" applyNumberFormat="1" applyFont="1" applyBorder="1" applyAlignment="1"><alignment horizontal="left" vertical="center"/></xf><xf numFmtId="168" fontId="3" fillId="0" borderId="3" xfId="0" applyNumberFormat="1" applyFont="1" applyBorder="1" applyAlignment="1"><alignment horizontal="left" vertical="center"/></xf><xf numFmtId="0" fontId="1" fillId="0" borderId="5" xfId="0" applyFont="1" applyBorder="1" applyAlignment="1"><alignment horizontal="left" vertical="center"/></xf><xf numFmtId="0" fontId="11" fillId="0" borderId="4" xfId="0" applyFont="1" applyBorder="1" applyAlignment="1"><alignment horizontal="left" vertical="center"/></xf><xf numFmtId="0" fontId="11" fillId="0" borderId="0" xfId="0" applyFont="1" applyBorder="1" applyAlignment="1"><alignment horizontal="left" vertical="center"/></xf><xf numFmtId="1" fontId="7" fillId="0" borderId="0" xfId="0" applyNumberFormat="1" applyFont="1" applyFill="1" applyBorder="1" applyAlignment="1" applyProtection="1"><alignment horizontal="right" vertical="center"/><protection locked="0"/></xf><xf numFmtId="0" fontId="8" fillId="0" borderId="30" xfId="0" applyFont="1" applyBorder="1" applyAlignment="1"><alignment horizontal="left" vertical="center"/></xf><xf numFmtId="0" fontId="1" fillId="9" borderId="1" xfId="0" applyFont="1" applyFill="1" applyBorder="1" applyAlignment="1"><alignment horizontal="right" vertical="center"/></xf><xf numFmtId="1" fontId="1" fillId="9" borderId="1" xfId="0" applyNumberFormat="1" applyFont="1" applyFill="1" applyBorder="1" applyAlignment="1"><alignment horizontal="right" vertical="center"/></xf><xf numFmtId="0" fontId="1" fillId="0" borderId="0" xfId="0" applyFont="1" applyAlignment="1" applyProtection="1"><alignment horizontal="justify" vertical="center"/><protection locked="0"/></xf><xf numFmtId="0" fontId="1" fillId="0" borderId="0" xfId="0" applyFont="1" applyAlignment="1" applyProtection="1"><alignment horizontal="justify" vertical="center"/></xf><xf numFmtId="1" fontId="7" fillId="7" borderId="1" xfId="0" applyNumberFormat="1" applyFont="1" applyFill="1" applyBorder="1" applyAlignment="1" applyProtection="1"><alignment horizontal="right" vertical="center"/><protection locked="0" hidden="1"/></xf><xf numFmtId="0" fontId="1" fillId="7" borderId="1" xfId="0" applyFont="1" applyFill="1" applyBorder="1" applyAlignment="1" applyProtection="1"><alignment horizontal="right" vertical="center"/><protection locked="0"/></xf><xf numFmtId="0" fontId="8" fillId="0" borderId="0" xfId="0" applyFont="1" applyAlignment="1"><alignment horizontal="left" vertical="center"/></xf><xf numFmtId="0" fontId="7" fillId="0" borderId="0" xfId="0" applyFont="1" applyAlignment="1"><alignment horizontal="left" vertical="center"/></xf><xf numFmtId="1" fontId="8" fillId="7" borderId="1" xfId="0" applyNumberFormat="1" applyFont="1" applyFill="1" applyBorder="1" applyAlignment="1" applyProtection="1"><alignment horizontal="right" vertical="center"/><protection locked="0"/></xf><xf numFmtId="2" fontId="7" fillId="0" borderId="16" xfId="0" applyNumberFormat="1" applyFont="1" applyFill="1" applyBorder="1" applyAlignment="1" applyProtection="1"><alignment horizontal="right" vertical="center"/><protection locked="0"/></xf><xf numFmtId="1" fontId="7" fillId="0" borderId="16" xfId="0" applyNumberFormat="1" applyFont="1" applyFill="1" applyBorder="1" applyAlignment="1" applyProtection="1"><alignment horizontal="right" vertical="center"/><protection locked="0"/></xf><xf numFmtId="0" fontId="1" fillId="0" borderId="0" xfId="0" applyFont="1" applyAlignment="1"><alignment horizontal="justify" vertical="center" wrapText="1"/></xf><xf numFmtId="15" fontId="1" fillId="0" borderId="0" xfId="0" applyNumberFormat="1" applyFont="1" applyAlignment="1"><alignment horizontal="justify" vertical="center"/></xf><xf numFmtId="2" fontId="7" fillId="7" borderId="1" xfId="0" applyNumberFormat="1" applyFont="1" applyFill="1" applyBorder="1" applyAlignment="1" applyProtection="1"><alignment horizontal="right" vertical="center"/><protection locked="0" hidden="1"/></xf><xf numFmtId="0" fontId="7" fillId="0" borderId="0" xfId="0" applyFont="1" applyFill="1" applyBorder="1" applyAlignment="1" applyProtection="1"><alignment horizontal="right" vertical="center"/><protection locked="0"/></xf><xf numFmtId="0" fontId="1" fillId="0" borderId="0" xfId="0" applyFont="1" applyFill="1" applyBorder="1" applyAlignment="1"><alignment horizontal="left" vertical="center"/></xf><xf numFmtId="2" fontId="1" fillId="0" borderId="0" xfId="0" applyNumberFormat="1" applyFont="1" applyFill="1" applyBorder="1" applyAlignment="1"><alignment horizontal="right" vertical="center"/></xf><xf numFmtId="0" fontId="8" fillId="0" borderId="0" xfId="0" applyFont="1" applyBorder="1" applyAlignment="1"><alignment horizontal="justify" vertical="center"/></xf><xf numFmtId="0" fontId="8" fillId="0" borderId="4" xfId="0" applyFont="1" applyBorder="1" applyAlignment="1"><alignment horizontal="right" vertical="center"/></xf><xf numFmtId="0" fontId="8" fillId="0" borderId="0" xfId="0" applyFont="1" applyBorder="1" applyAlignment="1" applyProtection="1"><alignment horizontal="justify" vertical="center"/><protection hidden="1"/></xf><xf numFmtId="0" fontId="8" fillId="0" borderId="0" xfId="0" applyFont="1" applyBorder="1" applyAlignment="1" applyProtection="1"><alignment horizontal="right" vertical="center"/><protection hidden="1"/></xf><xf numFmtId="0" fontId="14" fillId="0" borderId="4" xfId="0" applyFont="1" applyBorder="1" applyAlignment="1"><alignment horizontal="right" vertical="center"/></xf><xf numFmtId="0" fontId="14" fillId="0" borderId="8" xfId="0" applyFont="1" applyBorder="1" applyAlignment="1"><alignment horizontal="right" vertical="center"/></xf><xf numFmtId="0" fontId="8" fillId="0" borderId="30" xfId="0" applyFont="1" applyBorder="1" applyAlignment="1"><alignment horizontal="left" vertical="center"/></xf><xf numFmtId="0" fontId="8" fillId="0" borderId="31" xfId="0" applyFont="1" applyBorder="1" applyAlignment="1"><alignment horizontal="left" vertical="center"/></xf><xf numFmtId="0" fontId="12" fillId="0" borderId="24" xfId="0" applyFont="1" applyBorder="1" applyAlignment="1" applyProtection="1"><alignment horizontal="center" vertical="center" wrapText="1"/><protection locked="0"/></xf><xf numFmtId="0" fontId="12" fillId="0" borderId="25" xfId="0" applyFont="1" applyBorder="1" applyAlignment="1" applyProtection="1"><alignment horizontal="center" vertical="center" wrapText="1"/><protection locked="0"/></xf><xf numFmtId="0" fontId="12" fillId="0" borderId="26" xfId="0" applyFont="1" applyBorder="1" applyAlignment="1" applyProtection="1"><alignment horizontal="center" vertical="center" wrapText="1"/><protection locked="0"/></xf><xf numFmtId="0" fontId="12" fillId="0" borderId="3" xfId="0" applyFont="1" applyBorder="1" applyAlignment="1" applyProtection="1"><alignment horizontal="center" vertical="center" wrapText="1"/><protection locked="0"/></xf><xf numFmtId="0" fontId="12" fillId="0" borderId="27" xfId="0" applyFont="1" applyBorder="1" applyAlignment="1" applyProtection="1"><alignment horizontal="center" vertical="center" wrapText="1"/><protection locked="0"/></xf><xf numFmtId="0" fontId="12" fillId="0" borderId="28" xfId="0" applyFont="1" applyBorder="1" applyAlignment="1" applyProtection="1"><alignment horizontal="center" vertical="center" wrapText="1"/><protection locked="0"/></xf><xf numFmtId="0" fontId="12" fillId="0" borderId="25" xfId="0" applyFont="1" applyBorder="1" applyAlignment="1"><alignment horizontal="center" vertical="center"/></xf><xf numFmtId="0" fontId="12" fillId="0" borderId="3" xfId="0" applyFont="1" applyBorder="1" applyAlignment="1"><alignment horizontal="center" vertical="center"/></xf><xf numFmtId="0" fontId="12" fillId="0" borderId="28" xfId="0" applyFont="1" applyBorder="1" applyAlignment="1"><alignment horizontal="center" vertical="center"/></xf><xf numFmtId="169" fontId="12" fillId="0" borderId="25" xfId="0" applyNumberFormat="1" applyFont="1" applyBorder="1" applyAlignment="1" applyProtection="1"><alignment horizontal="center" vertical="center"/><protection locked="0"/></xf><xf numFmtId="169" fontId="12" fillId="0" borderId="6" xfId="0" applyNumberFormat="1" applyFont="1" applyBorder="1" applyAlignment="1" applyProtection="1"><alignment horizontal="center" vertical="center"/><protection locked="0"/></xf><xf numFmtId="169" fontId="12" fillId="0" borderId="3" xfId="0" applyNumberFormat="1" applyFont="1" applyBorder="1" applyAlignment="1" applyProtection="1"><alignment horizontal="center" vertical="center"/><protection locked="0"/></xf><xf numFmtId="169" fontId="12" fillId="0" borderId="7" xfId="0" applyNumberFormat="1" applyFont="1" applyBorder="1" applyAlignment="1" applyProtection="1"><alignment horizontal="center" vertical="center"/><protection locked="0"/></xf><xf numFmtId="169" fontId="12" fillId="0" borderId="28" xfId="0" applyNumberFormat="1" applyFont="1" applyBorder="1" applyAlignment="1" applyProtection="1"><alignment horizontal="center" vertical="center"/><protection locked="0"/></xf><xf numFmtId="169" fontId="12" fillId="0" borderId="10" xfId="0" applyNumberFormat="1" applyFont="1" applyBorder="1" applyAlignment="1" applyProtection="1"><alignment horizontal="center" vertical="center"/><protection locked="0"/></xf><xf numFmtId="0" fontId="13" fillId="7" borderId="5" xfId="0" applyFont="1" applyFill="1" applyBorder="1" applyAlignment="1" applyProtection="1"><alignment horizontal="left" vertical="top"/><protection locked="0"/></xf><xf numFmtId="0" fontId="13" fillId="7" borderId="2" xfId="0" applyFont="1" applyFill="1" applyBorder="1" applyAlignment="1" applyProtection="1"><alignment horizontal="left" vertical="top"/><protection locked="0"/></xf><xf numFmtId="0" fontId="13" fillId="7" borderId="18" xfId="0" applyFont="1" applyFill="1" applyBorder="1" applyAlignment="1" applyProtection="1"><alignment horizontal="left" vertical="top"/><protection locked="0"/></xf><xf numFmtId="0" fontId="13" fillId="7" borderId="4" xfId="0" applyFont="1" applyFill="1" applyBorder="1" applyAlignment="1" applyProtection="1"><alignment horizontal="left" vertical="top"/><protection locked="0"/></xf><xf numFmtId="0" fontId="13" fillId="7" borderId="0" xfId="0" applyFont="1" applyFill="1" applyBorder="1" applyAlignment="1" applyProtection="1"><alignment horizontal="left" vertical="top"/><protection locked="0"/></xf><xf numFmtId="0" fontId="13" fillId="7" borderId="19" xfId="0" applyFont="1" applyFill="1" applyBorder="1" applyAlignment="1" applyProtection="1"><alignment horizontal="left" vertical="top"/><protection locked="0"/></xf><xf numFmtId="0" fontId="13" fillId="7" borderId="8" xfId="0" applyFont="1" applyFill="1" applyBorder="1" applyAlignment="1" applyProtection="1"><alignment horizontal="left" vertical="top"/><protection locked="0"/></xf><xf numFmtId="0" fontId="13" fillId="7" borderId="9" xfId="0" applyFont="1" applyFill="1" applyBorder="1" applyAlignment="1" applyProtection="1"><alignment horizontal="left" vertical="top"/><protection locked="0"/></xf><xf numFmtId="0" fontId="13" fillId="7" borderId="20" xfId="0" applyFont="1" applyFill="1" applyBorder="1" applyAlignment="1" applyProtection="1"><alignment horizontal="left" vertical="top"/><protection locked="0"/></xf><xf numFmtId="0" fontId="8" fillId="0" borderId="29" xfId="0" applyFont="1" applyBorder="1" applyAlignment="1"><alignment horizontal="left" vertical="center"/></xf><xf numFmtId="2" fontId="7" fillId="7" borderId="15" xfId="0" applyNumberFormat="1" applyFont="1" applyFill="1" applyBorder="1" applyAlignment="1" applyProtection="1"><alignment horizontal="left" vertical="center"/><protection locked="0"/></xf><xf numFmtId="2" fontId="7" fillId="7" borderId="16" xfId="0" applyNumberFormat="1" applyFont="1" applyFill="1" applyBorder="1" applyAlignment="1" applyProtection="1"><alignment horizontal="left" vertical="center"/><protection locked="0"/></xf><xf numFmtId="2" fontId="7" fillId="7" borderId="17" xfId="0" applyNumberFormat="1" applyFont="1" applyFill="1" applyBorder="1" applyAlignment="1" applyProtection="1"><alignment horizontal="left" vertical="center"/><protection locked="0"/></xf><xf numFmtId="0" fontId="7" fillId="7" borderId="15" xfId="0" applyFont="1" applyFill="1" applyBorder="1" applyAlignment="1" applyProtection="1"><alignment horizontal="left" vertical="center"/><protection locked="0"/></xf><xf numFmtId="0" fontId="7" fillId="7" borderId="16" xfId="0" applyFont="1" applyFill="1" applyBorder="1" applyAlignment="1" applyProtection="1"><alignment horizontal="left" vertical="center"/><protection locked="0"/></xf><xf numFmtId="0" fontId="7" fillId="7" borderId="17" xfId="0" applyFont="1" applyFill="1" applyBorder="1" applyAlignment="1" applyProtection="1"><alignment horizontal="left" vertical="center"/><protection locked="0"/></xf><xf numFmtId="0" fontId="1" fillId="7" borderId="5" xfId="0" applyFont="1" applyFill="1" applyBorder="1" applyAlignment="1" applyProtection="1"><alignment horizontal="center" vertical="center" wrapText="1"/><protection locked="0"/></xf><xf numFmtId="0" fontId="1" fillId="7" borderId="2" xfId="0" applyFont="1" applyFill="1" applyBorder="1" applyAlignment="1" applyProtection="1"><alignment horizontal="center" vertical="center"/><protection locked="0"/></xf><xf numFmtId="0" fontId="1" fillId="7" borderId="18" xfId="0" applyFont="1" applyFill="1" applyBorder="1" applyAlignment="1" applyProtection="1"><alignment horizontal="center" vertical="center"/><protection locked="0"/></xf><xf numFmtId="0" fontId="1" fillId="7" borderId="4" xfId="0" applyFont="1" applyFill="1" applyBorder="1" applyAlignment="1" applyProtection="1"><alignment horizontal="center" vertical="center"/><protection locked="0"/></xf><xf numFmtId="0" fontId="1" fillId="7" borderId="0" xfId="0" applyFont="1" applyFill="1" applyBorder="1" applyAlignment="1" applyProtection="1"><alignment horizontal="center" vertical="center"/><protection locked="0"/></xf><xf numFmtId="0" fontId="1" fillId="7" borderId="19" xfId="0" applyFont="1" applyFill="1" applyBorder="1" applyAlignment="1" applyProtection="1"><alignment horizontal="center" vertical="center"/><protection locked="0"/></xf><xf numFmtId="0" fontId="1" fillId="7" borderId="8" xfId="0" applyFont="1" applyFill="1" applyBorder="1" applyAlignment="1" applyProtection="1"><alignment horizontal="center" vertical="center"/><protection locked="0"/></xf><xf numFmtId="0" fontId="1" fillId="7" borderId="9" xfId="0" applyFont="1" applyFill="1" applyBorder="1" applyAlignment="1" applyProtection="1"><alignment horizontal="center" vertical="center"/><protection locked="0"/></xf><xf numFmtId="0" fontId="1" fillId="7" borderId="20" xfId="0" applyFont="1" applyFill="1" applyBorder="1" applyAlignment="1" applyProtection="1"><alignment horizontal="center" vertical="center"/><protection locked="0"/></xf><xf numFmtId="0" fontId="3" fillId="2" borderId="0" xfId="1" applyFont="1" applyFill="1" applyBorder="1" applyAlignment="1"><alignment horizontal="center" vertical="center"/></xf><xf numFmtId="0" fontId="3" fillId="0" borderId="6" xfId="1" applyFont="1" applyBorder="1" applyAlignment="1"><alignment horizontal="center" vertical="center"/></xf><xf numFmtId="0" fontId="3" fillId="0" borderId="7" xfId="1" applyFont="1" applyBorder="1" applyAlignment="1"><alignment horizontal="center" vertical="center"/></xf><xf numFmtId="0" fontId="3" fillId="0" borderId="10" xfId="1" applyFont="1" applyBorder="1" applyAlignment="1"><alignment horizontal="center" vertical="center"/></xf><xf numFmtId="44" fontId="3" fillId="0" borderId="12" xfId="3" applyFont="1" applyBorder="1" applyAlignment="1"><alignment horizontal="center" vertical="center"/></xf><xf numFmtId="44" fontId="3" fillId="0" borderId="11" xfId="3" applyFont="1" applyBorder="1" applyAlignment="1"><alignment horizontal="center" vertical="center"/></xf><xf numFmtId="44" fontId="3" fillId="0" borderId="14" xfId="3" applyFont="1" applyBorder="1" applyAlignment="1"><alignment horizontal="center" vertical="center"/></xf><xf numFmtId="0" fontId="10" fillId="0" borderId="21" xfId="0" applyFont="1" applyBorder="1" applyAlignment="1"><alignment horizontal="center"/></xf><xf numFmtId="0" fontId="10" fillId="0" borderId="22" xfId="0" applyFont="1" applyBorder="1" applyAlignment="1"><alignment horizontal="center"/></xf><xf numFmtId="0" fontId="10" fillId="0" borderId="23" xfId="0" applyFont="1" applyBorder="1" applyAlignment="1"><alignment horizontal="center"/></xf><xf numFmtId="0" fontId="3" fillId="0" borderId="21" xfId="0" applyFont="1" applyBorder="1" applyAlignment="1"><alignment horizontal="center" vertical="center" wrapText="1"/></xf><xf numFmtId="0" fontId="3" fillId="0" borderId="22" xfId="0" applyFont="1" applyBorder="1" applyAlignment="1"><alignment horizontal="center" vertical="center"/></xf><xf numFmtId="0" fontId="3" fillId="0" borderId="23" xfId="0" applyFont="1" applyBorder="1" applyAlignment="1"><alignment horizontal="center" vertical="center"/></xf></cellXfs><cellStyles count="4"><cellStyle name="Currency 2" xfId="3"/><cellStyle name="Normal" xfId="0" builtinId="0"/><cellStyle name="Normal 2" xfId="1"/><cellStyle name="Percent 2" xfId="2"/></cellStyles><dxfs count="6"><dxf><font><b val="0"/><i val="0"/><strike val="0"/><condense val="0"/><extend val="0"/><outline val="0"/><shadow val="0"/><u val="none"/><vertAlign val="baseline"/><sz val="10"/><color auto="1"/><name val="Arial"/><scheme val="none"/></font><alignment horizontal="justify" vertical="center" textRotation="0" wrapText="1" indent="0" justifyLastLine="0" shrinkToFit="0" readingOrder="0"/></dxf><dxf><font><b val="0"/><i val="0"/><strike val="0"/><condense val="0"/><extend val="0"/><outline val="0"/><shadow val="0"/><u val="none"/><vertAlign val="baseline"/><sz val="10"/><color auto="1"/><name val="Arial"/><scheme val="none"/></font><alignment horizontal="justify" vertical="center" textRotation="0" wrapText="0" indent="0" justifyLastLine="0" shrinkToFit="0" readingOrder="0"/></dxf><dxf><font><b val="0"/><i val="0"/><strike val="0"/><condense val="0"/><extend val="0"/><outline val="0"/><shadow val="0"/><u val="none"/><vertAlign val="baseline"/><sz val="10"/><color auto="1"/><name val="Arial"/><scheme val="none"/></font><alignment horizontal="justify" vertical="center" textRotation="0" wrapText="0" indent="0" justifyLastLine="0" shrinkToFit="0" readingOrder="0"/></dxf><dxf><font><b val="0"/><i val="0"/><strike val="0"/><condense val="0"/><extend val="0"/><outline val="0"/><shadow val="0"/><u val="none"/><vertAlign val="baseline"/><sz val="10"/><color auto="1"/><name val="Arial"/><scheme val="none"/></font><alignment horizontal="justify" vertical="center" textRotation="0" wrapText="0" indent="0" justifyLastLine="0" shrinkToFit="0" readingOrder="0"/></dxf><dxf><font><b val="0"/><i val="0"/><strike val="0"/><condense val="0"/><extend val="0"/><outline val="0"/><shadow val="0"/><u val="none"/><vertAlign val="baseline"/><sz val="10"/><color auto="1"/><name val="Arial"/><scheme val="none"/></font><alignment horizontal="justify" vertical="center" textRotation="0" wrapText="0" indent="0" justifyLastLine="0" shrinkToFit="0" readingOrder="0"/></dxf><dxf><font><b val="0"/><i val="0"/><strike val="0"/><condense val="0"/><extend val="0"/><outline val="0"/><shadow val="0"/><u val="none"/><vertAlign val="baseline"/><sz val="10"/><color auto="1"/><name val="Arial"/><scheme val="none"/></font><alignment horizontal="justify" vertical="center" textRotation="0" wrapText="0" indent="0" justifyLastLine="0" shrinkToFit="0" readingOrder="0"/></dxf></dxfs><tableStyles count="0" defaultTableStyle="TableStyleMedium2" defaultPivotStyle="PivotStyleLight16"/><colors><indexedColors><rgbColor rgb="00000000"/><rgbColor rgb="00FFFFFF"/><rgbColor rgb="00FF0000"/><rgbColor rgb="0000FF00"/><rgbColor rgb="000000FF"/><rgbColor rgb="00FFFF00"/><rgbColor rgb="00FF00FF"/><rgbColor rgb="0000FFFF"/><rgbColor rgb="00000000"/><rgbColor rgb="00FFFFFF"/><rgbColor rgb="00FF0000"/><rgbColor rgb="0000FF00"/><rgbColor rgb="000000FF"/><rgbColor rgb="00FFFF00"/><rgbColor rgb="00FF00FF"/><rgbColor rgb="0000FFFF"/><rgbColor rgb="00800000"/><rgbColor rgb="00008000"/><rgbColor rgb="00000080"/><rgbColor rgb="00808000"/><rgbColor rgb="00800080"/><rgbColor rgb="00008080"/><rgbColor rgb="00C0C0C0"/><rgbColor rgb="00808080"/><rgbColor rgb="008080FF"/><rgbColor rgb="00802060"/><rgbColor rgb="00FFFFC0"/><rgbColor rgb="00A0E0E0"/><rgbColor rgb="00600080"/><rgbColor rgb="00FF8080"/><rgbColor rgb="000080C0"/><rgbColor rgb="00C0C0FF"/><rgbColor rgb="00000080"/><rgbColor rgb="00FF00FF"/><rgbColor rgb="00FFFF00"/><rgbColor rgb="0000FFFF"/><rgbColor rgb="00800080"/><rgbColor rgb="00800000"/><rgbColor rgb="00008080"/><rgbColor rgb="000000FF"/><rgbColor rgb="0000CCFF"/><rgbColor rgb="0069FFFF"/><rgbColor rgb="00CCFFCC"/><rgbColor rgb="00FFFF99"/><rgbColor rgb="00A6CAF0"/><rgbColor rgb="00CC9CCC"/><rgbColor rgb="00CC99FF"/><rgbColor rgb="00E3E3E3"/><rgbColor rgb="003366FF"/><rgbColor rgb="0033CCCC"/><rgbColor rgb="00339933"/><rgbColor rgb="00999933"/><rgbColor rgb="00996633"/><rgbColor rgb="00996666"/><rgbColor rgb="00666699"/><rgbColor rgb="00969696"/><rgbColor rgb="003333CC"/><rgbColor rgb="00336666"/><rgbColor rgb="00003300"/><rgbColor rgb="00333300"/><rgbColor rgb="00663300"/><rgbColor rgb="00993366"/><rgbColor rgb="00333399"/><rgbColor rgb="00424242"/></indexedColors></colors><extLst><ext uri="{EB79DEF2-80B8-43e5-95BD-54CBDDF9020C}" xmlns:x14="http://schemas.microsoft.com/office/spreadsheetml/2009/9/main"><x14:slicerStyles defaultSlicerStyle="SlicerStyleLight1"/></ext></extLst></styleSheet>