<?xml version="1.0" encoding="UTF-8" standalone="yes"?>
<workbook xmlns="http://schemas.openxmlformats.org/spreadsheetml/2006/main" xmlns:r="http://schemas.openxmlformats.org/officeDocument/2006/relationships"><fileVersion appName="xl" lastEdited="5" lowestEdited="5" rupBuild="9303"/><workbookPr codeName="ThisWorkbook"/><bookViews><workbookView xWindow="120" yWindow="216" windowWidth="9432" windowHeight="5352"/></bookViews><sheets><sheet name="Study Results" sheetId="4" r:id="rId1"/><sheet name="Motor Starting" sheetId="5" state="hidden" r:id="rId2"/><sheet name="Lists" sheetId="7" state="hidden" r:id="rId3"/><sheet name="Template Header" sheetId="8" state="hidden" r:id="rId4"/><sheet name="Revision" sheetId="9" state="hidden" r:id="rId5"/></sheets><definedNames><definedName name="_xlnm.Print_Area" localSheetId="0">'Study Results'!$A$1:$F$78</definedName></definedNames><calcPr calcId="145621"/></workbook>