<?xml version="1.0" encoding="UTF-8" standalone="yes"?>
<table xmlns="http://schemas.openxmlformats.org/spreadsheetml/2006/main" id="1" name="Table1" displayName="Table1" ref="A1:D21" totalsRowShown="0" headerRowDxfId="5" dataDxfId="4"><autoFilter ref="A1:D21"/><tableColumns count="4"><tableColumn id="1" name="Revision No." dataDxfId="3"/><tableColumn id="5" name="Author" dataDxfId="2"/><tableColumn id="2" name="Date" dataDxfId="1"/><tableColumn id="4" name="Description" dataDxfId="0"/></tableColumns><tableStyleInfo name="TableStyleLight8" showFirstColumn="0" showLastColumn="0" showRowStripes="1" showColumnStripes="0"/></table>