<?xml version="1.0" encoding="UTF-8" standalone="yes"?>
<worksheet xmlns="http://schemas.openxmlformats.org/spreadsheetml/2006/main" xmlns:r="http://schemas.openxmlformats.org/officeDocument/2006/relationships" xmlns:mc="http://schemas.openxmlformats.org/markup-compatibility/2006" mc:Ignorable="x14ac" xmlns:x14ac="http://schemas.microsoft.com/office/spreadsheetml/2009/9/ac"><sheetPr codeName="Sheet1"/><dimension ref="A1:D2"/><sheetViews><sheetView zoomScale="90" zoomScaleNormal="90" workbookViewId="0"><selection activeCell="L5" sqref="L4:L5"/></sheetView></sheetViews><sheetFormatPr defaultColWidth="9.109375" defaultRowHeight="13.2" x14ac:dyDescent="0.25"/><cols><col min="1" max="1" width="15.33203125" style="1" customWidth="1"/><col min="2" max="2" width="21.109375" style="1" customWidth="1"/><col min="3" max="3" width="12.88671875" style="1" customWidth="1"/><col min="4" max="4" width="35.6640625" style="70" customWidth="1"/><col min="5" max="16384" width="9.109375" style="1"/></cols><sheetData><row r="1" spans="1:4" x14ac:dyDescent="0.25"><c r="A1" s="1" t="s"><v>3118</v></c><c r="B1" s="1" t="s"><v>3117</v></c><c r="C1" s="1" t="s"><v>3106</v></c><c r="D1" s="70" t="s"><v>3119</v></c></row><row r="2" spans="1:4" ht="105.6" x14ac:dyDescent="0.25"><c r="A2" s="1" t="s"><v>3120</v></c><c r="B2" s="1" t="s"><v>3121</v></c><c r="C2" s="71"><v>41785</v></c><c r="D2" s="70" t="s"><v>3127</v></c></row></sheetData><sheetProtection password="E964" sheet="1" objects="1" scenarios="1"/><pageMargins left="0.7" right="0.7" top="0.75" bottom="0.75" header="0.3" footer="0.3"/><pageSetup paperSize="9" orientation="portrait" verticalDpi="0" r:id="rId1"/><tableParts count="1"><tablePart r:id="rId2"/></tableParts></worksheet>