<?xml version="1.0" encoding="UTF-8" standalone="yes"?>
<worksheet xmlns="http://schemas.openxmlformats.org/spreadsheetml/2006/main" xmlns:r="http://schemas.openxmlformats.org/officeDocument/2006/relationships" xmlns:mc="http://schemas.openxmlformats.org/markup-compatibility/2006" mc:Ignorable="x14ac" xmlns:x14ac="http://schemas.microsoft.com/office/spreadsheetml/2009/9/ac"><sheetPr codeName="Sheet5"/><dimension ref="A1:C21"/><sheetViews><sheetView workbookViewId="0"><selection activeCell="I26" sqref="I26"/></sheetView></sheetViews><sheetFormatPr defaultRowHeight="13.2" x14ac:dyDescent="0.25"/><cols><col min="1" max="1" width="30.33203125" style="4" customWidth="1"/><col min="2" max="2" width="11.6640625" style="4" customWidth="1"/><col min="3" max="3" width="10.88671875" style="4" bestFit="1" customWidth="1"/><col min="4" max="252" width="9.109375" style="4"/><col min="253" max="253" width="30.33203125" style="4" customWidth="1"/><col min="254" max="254" width="11.6640625" style="4" customWidth="1"/><col min="255" max="255" width="10.88671875" style="4" bestFit="1" customWidth="1"/><col min="256" max="508" width="9.109375" style="4"/><col min="509" max="509" width="30.33203125" style="4" customWidth="1"/><col min="510" max="510" width="11.6640625" style="4" customWidth="1"/><col min="511" max="511" width="10.88671875" style="4" bestFit="1" customWidth="1"/><col min="512" max="764" width="9.109375" style="4"/><col min="765" max="765" width="30.33203125" style="4" customWidth="1"/><col min="766" max="766" width="11.6640625" style="4" customWidth="1"/><col min="767" max="767" width="10.88671875" style="4" bestFit="1" customWidth="1"/><col min="768" max="1020" width="9.109375" style="4"/><col min="1021" max="1021" width="30.33203125" style="4" customWidth="1"/><col min="1022" max="1022" width="11.6640625" style="4" customWidth="1"/><col min="1023" max="1023" width="10.88671875" style="4" bestFit="1" customWidth="1"/><col min="1024" max="1276" width="9.109375" style="4"/><col min="1277" max="1277" width="30.33203125" style="4" customWidth="1"/><col min="1278" max="1278" width="11.6640625" style="4" customWidth="1"/><col min="1279" max="1279" width="10.88671875" style="4" bestFit="1" customWidth="1"/><col min="1280" max="1532" width="9.109375" style="4"/><col min="1533" max="1533" width="30.33203125" style="4" customWidth="1"/><col min="1534" max="1534" width="11.6640625" style="4" customWidth="1"/><col min="1535" max="1535" width="10.88671875" style="4" bestFit="1" customWidth="1"/><col min="1536" max="1788" width="9.109375" style="4"/><col min="1789" max="1789" width="30.33203125" style="4" customWidth="1"/><col min="1790" max="1790" width="11.6640625" style="4" customWidth="1"/><col min="1791" max="1791" width="10.88671875" style="4" bestFit="1" customWidth="1"/><col min="1792" max="2044" width="9.109375" style="4"/><col min="2045" max="2045" width="30.33203125" style="4" customWidth="1"/><col min="2046" max="2046" width="11.6640625" style="4" customWidth="1"/><col min="2047" max="2047" width="10.88671875" style="4" bestFit="1" customWidth="1"/><col min="2048" max="2300" width="9.109375" style="4"/><col min="2301" max="2301" width="30.33203125" style="4" customWidth="1"/><col min="2302" max="2302" width="11.6640625" style="4" customWidth="1"/><col min="2303" max="2303" width="10.88671875" style="4" bestFit="1" customWidth="1"/><col min="2304" max="2556" width="9.109375" style="4"/><col min="2557" max="2557" width="30.33203125" style="4" customWidth="1"/><col min="2558" max="2558" width="11.6640625" style="4" customWidth="1"/><col min="2559" max="2559" width="10.88671875" style="4" bestFit="1" customWidth="1"/><col min="2560" max="2812" width="9.109375" style="4"/><col min="2813" max="2813" width="30.33203125" style="4" customWidth="1"/><col min="2814" max="2814" width="11.6640625" style="4" customWidth="1"/><col min="2815" max="2815" width="10.88671875" style="4" bestFit="1" customWidth="1"/><col min="2816" max="3068" width="9.109375" style="4"/><col min="3069" max="3069" width="30.33203125" style="4" customWidth="1"/><col min="3070" max="3070" width="11.6640625" style="4" customWidth="1"/><col min="3071" max="3071" width="10.88671875" style="4" bestFit="1" customWidth="1"/><col min="3072" max="3324" width="9.109375" style="4"/><col min="3325" max="3325" width="30.33203125" style="4" customWidth="1"/><col min="3326" max="3326" width="11.6640625" style="4" customWidth="1"/><col min="3327" max="3327" width="10.88671875" style="4" bestFit="1" customWidth="1"/><col min="3328" max="3580" width="9.109375" style="4"/><col min="3581" max="3581" width="30.33203125" style="4" customWidth="1"/><col min="3582" max="3582" width="11.6640625" style="4" customWidth="1"/><col min="3583" max="3583" width="10.88671875" style="4" bestFit="1" customWidth="1"/><col min="3584" max="3836" width="9.109375" style="4"/><col min="3837" max="3837" width="30.33203125" style="4" customWidth="1"/><col min="3838" max="3838" width="11.6640625" style="4" customWidth="1"/><col min="3839" max="3839" width="10.88671875" style="4" bestFit="1" customWidth="1"/><col min="3840" max="4092" width="9.109375" style="4"/><col min="4093" max="4093" width="30.33203125" style="4" customWidth="1"/><col min="4094" max="4094" width="11.6640625" style="4" customWidth="1"/><col min="4095" max="4095" width="10.88671875" style="4" bestFit="1" customWidth="1"/><col min="4096" max="4348" width="9.109375" style="4"/><col min="4349" max="4349" width="30.33203125" style="4" customWidth="1"/><col min="4350" max="4350" width="11.6640625" style="4" customWidth="1"/><col min="4351" max="4351" width="10.88671875" style="4" bestFit="1" customWidth="1"/><col min="4352" max="4604" width="9.109375" style="4"/><col min="4605" max="4605" width="30.33203125" style="4" customWidth="1"/><col min="4606" max="4606" width="11.6640625" style="4" customWidth="1"/><col min="4607" max="4607" width="10.88671875" style="4" bestFit="1" customWidth="1"/><col min="4608" max="4860" width="9.109375" style="4"/><col min="4861" max="4861" width="30.33203125" style="4" customWidth="1"/><col min="4862" max="4862" width="11.6640625" style="4" customWidth="1"/><col min="4863" max="4863" width="10.88671875" style="4" bestFit="1" customWidth="1"/><col min="4864" max="5116" width="9.109375" style="4"/><col min="5117" max="5117" width="30.33203125" style="4" customWidth="1"/><col min="5118" max="5118" width="11.6640625" style="4" customWidth="1"/><col min="5119" max="5119" width="10.88671875" style="4" bestFit="1" customWidth="1"/><col min="5120" max="5372" width="9.109375" style="4"/><col min="5373" max="5373" width="30.33203125" style="4" customWidth="1"/><col min="5374" max="5374" width="11.6640625" style="4" customWidth="1"/><col min="5375" max="5375" width="10.88671875" style="4" bestFit="1" customWidth="1"/><col min="5376" max="5628" width="9.109375" style="4"/><col min="5629" max="5629" width="30.33203125" style="4" customWidth="1"/><col min="5630" max="5630" width="11.6640625" style="4" customWidth="1"/><col min="5631" max="5631" width="10.88671875" style="4" bestFit="1" customWidth="1"/><col min="5632" max="5884" width="9.109375" style="4"/><col min="5885" max="5885" width="30.33203125" style="4" customWidth="1"/><col min="5886" max="5886" width="11.6640625" style="4" customWidth="1"/><col min="5887" max="5887" width="10.88671875" style="4" bestFit="1" customWidth="1"/><col min="5888" max="6140" width="9.109375" style="4"/><col min="6141" max="6141" width="30.33203125" style="4" customWidth="1"/><col min="6142" max="6142" width="11.6640625" style="4" customWidth="1"/><col min="6143" max="6143" width="10.88671875" style="4" bestFit="1" customWidth="1"/><col min="6144" max="6396" width="9.109375" style="4"/><col min="6397" max="6397" width="30.33203125" style="4" customWidth="1"/><col min="6398" max="6398" width="11.6640625" style="4" customWidth="1"/><col min="6399" max="6399" width="10.88671875" style="4" bestFit="1" customWidth="1"/><col min="6400" max="6652" width="9.109375" style="4"/><col min="6653" max="6653" width="30.33203125" style="4" customWidth="1"/><col min="6654" max="6654" width="11.6640625" style="4" customWidth="1"/><col min="6655" max="6655" width="10.88671875" style="4" bestFit="1" customWidth="1"/><col min="6656" max="6908" width="9.109375" style="4"/><col min="6909" max="6909" width="30.33203125" style="4" customWidth="1"/><col min="6910" max="6910" width="11.6640625" style="4" customWidth="1"/><col min="6911" max="6911" width="10.88671875" style="4" bestFit="1" customWidth="1"/><col min="6912" max="7164" width="9.109375" style="4"/><col min="7165" max="7165" width="30.33203125" style="4" customWidth="1"/><col min="7166" max="7166" width="11.6640625" style="4" customWidth="1"/><col min="7167" max="7167" width="10.88671875" style="4" bestFit="1" customWidth="1"/><col min="7168" max="7420" width="9.109375" style="4"/><col min="7421" max="7421" width="30.33203125" style="4" customWidth="1"/><col min="7422" max="7422" width="11.6640625" style="4" customWidth="1"/><col min="7423" max="7423" width="10.88671875" style="4" bestFit="1" customWidth="1"/><col min="7424" max="7676" width="9.109375" style="4"/><col min="7677" max="7677" width="30.33203125" style="4" customWidth="1"/><col min="7678" max="7678" width="11.6640625" style="4" customWidth="1"/><col min="7679" max="7679" width="10.88671875" style="4" bestFit="1" customWidth="1"/><col min="7680" max="7932" width="9.109375" style="4"/><col min="7933" max="7933" width="30.33203125" style="4" customWidth="1"/><col min="7934" max="7934" width="11.6640625" style="4" customWidth="1"/><col min="7935" max="7935" width="10.88671875" style="4" bestFit="1" customWidth="1"/><col min="7936" max="8188" width="9.109375" style="4"/><col min="8189" max="8189" width="30.33203125" style="4" customWidth="1"/><col min="8190" max="8190" width="11.6640625" style="4" customWidth="1"/><col min="8191" max="8191" width="10.88671875" style="4" bestFit="1" customWidth="1"/><col min="8192" max="8444" width="9.109375" style="4"/><col min="8445" max="8445" width="30.33203125" style="4" customWidth="1"/><col min="8446" max="8446" width="11.6640625" style="4" customWidth="1"/><col min="8447" max="8447" width="10.88671875" style="4" bestFit="1" customWidth="1"/><col min="8448" max="8700" width="9.109375" style="4"/><col min="8701" max="8701" width="30.33203125" style="4" customWidth="1"/><col min="8702" max="8702" width="11.6640625" style="4" customWidth="1"/><col min="8703" max="8703" width="10.88671875" style="4" bestFit="1" customWidth="1"/><col min="8704" max="8956" width="9.109375" style="4"/><col min="8957" max="8957" width="30.33203125" style="4" customWidth="1"/><col min="8958" max="8958" width="11.6640625" style="4" customWidth="1"/><col min="8959" max="8959" width="10.88671875" style="4" bestFit="1" customWidth="1"/><col min="8960" max="9212" width="9.109375" style="4"/><col min="9213" max="9213" width="30.33203125" style="4" customWidth="1"/><col min="9214" max="9214" width="11.6640625" style="4" customWidth="1"/><col min="9215" max="9215" width="10.88671875" style="4" bestFit="1" customWidth="1"/><col min="9216" max="9468" width="9.109375" style="4"/><col min="9469" max="9469" width="30.33203125" style="4" customWidth="1"/><col min="9470" max="9470" width="11.6640625" style="4" customWidth="1"/><col min="9471" max="9471" width="10.88671875" style="4" bestFit="1" customWidth="1"/><col min="9472" max="9724" width="9.109375" style="4"/><col min="9725" max="9725" width="30.33203125" style="4" customWidth="1"/><col min="9726" max="9726" width="11.6640625" style="4" customWidth="1"/><col min="9727" max="9727" width="10.88671875" style="4" bestFit="1" customWidth="1"/><col min="9728" max="9980" width="9.109375" style="4"/><col min="9981" max="9981" width="30.33203125" style="4" customWidth="1"/><col min="9982" max="9982" width="11.6640625" style="4" customWidth="1"/><col min="9983" max="9983" width="10.88671875" style="4" bestFit="1" customWidth="1"/><col min="9984" max="10236" width="9.109375" style="4"/><col min="10237" max="10237" width="30.33203125" style="4" customWidth="1"/><col min="10238" max="10238" width="11.6640625" style="4" customWidth="1"/><col min="10239" max="10239" width="10.88671875" style="4" bestFit="1" customWidth="1"/><col min="10240" max="10492" width="9.109375" style="4"/><col min="10493" max="10493" width="30.33203125" style="4" customWidth="1"/><col min="10494" max="10494" width="11.6640625" style="4" customWidth="1"/><col min="10495" max="10495" width="10.88671875" style="4" bestFit="1" customWidth="1"/><col min="10496" max="10748" width="9.109375" style="4"/><col min="10749" max="10749" width="30.33203125" style="4" customWidth="1"/><col min="10750" max="10750" width="11.6640625" style="4" customWidth="1"/><col min="10751" max="10751" width="10.88671875" style="4" bestFit="1" customWidth="1"/><col min="10752" max="11004" width="9.109375" style="4"/><col min="11005" max="11005" width="30.33203125" style="4" customWidth="1"/><col min="11006" max="11006" width="11.6640625" style="4" customWidth="1"/><col min="11007" max="11007" width="10.88671875" style="4" bestFit="1" customWidth="1"/><col min="11008" max="11260" width="9.109375" style="4"/><col min="11261" max="11261" width="30.33203125" style="4" customWidth="1"/><col min="11262" max="11262" width="11.6640625" style="4" customWidth="1"/><col min="11263" max="11263" width="10.88671875" style="4" bestFit="1" customWidth="1"/><col min="11264" max="11516" width="9.109375" style="4"/><col min="11517" max="11517" width="30.33203125" style="4" customWidth="1"/><col min="11518" max="11518" width="11.6640625" style="4" customWidth="1"/><col min="11519" max="11519" width="10.88671875" style="4" bestFit="1" customWidth="1"/><col min="11520" max="11772" width="9.109375" style="4"/><col min="11773" max="11773" width="30.33203125" style="4" customWidth="1"/><col min="11774" max="11774" width="11.6640625" style="4" customWidth="1"/><col min="11775" max="11775" width="10.88671875" style="4" bestFit="1" customWidth="1"/><col min="11776" max="12028" width="9.109375" style="4"/><col min="12029" max="12029" width="30.33203125" style="4" customWidth="1"/><col min="12030" max="12030" width="11.6640625" style="4" customWidth="1"/><col min="12031" max="12031" width="10.88671875" style="4" bestFit="1" customWidth="1"/><col min="12032" max="12284" width="9.109375" style="4"/><col min="12285" max="12285" width="30.33203125" style="4" customWidth="1"/><col min="12286" max="12286" width="11.6640625" style="4" customWidth="1"/><col min="12287" max="12287" width="10.88671875" style="4" bestFit="1" customWidth="1"/><col min="12288" max="12540" width="9.109375" style="4"/><col min="12541" max="12541" width="30.33203125" style="4" customWidth="1"/><col min="12542" max="12542" width="11.6640625" style="4" customWidth="1"/><col min="12543" max="12543" width="10.88671875" style="4" bestFit="1" customWidth="1"/><col min="12544" max="12796" width="9.109375" style="4"/><col min="12797" max="12797" width="30.33203125" style="4" customWidth="1"/><col min="12798" max="12798" width="11.6640625" style="4" customWidth="1"/><col min="12799" max="12799" width="10.88671875" style="4" bestFit="1" customWidth="1"/><col min="12800" max="13052" width="9.109375" style="4"/><col min="13053" max="13053" width="30.33203125" style="4" customWidth="1"/><col min="13054" max="13054" width="11.6640625" style="4" customWidth="1"/><col min="13055" max="13055" width="10.88671875" style="4" bestFit="1" customWidth="1"/><col min="13056" max="13308" width="9.109375" style="4"/><col min="13309" max="13309" width="30.33203125" style="4" customWidth="1"/><col min="13310" max="13310" width="11.6640625" style="4" customWidth="1"/><col min="13311" max="13311" width="10.88671875" style="4" bestFit="1" customWidth="1"/><col min="13312" max="13564" width="9.109375" style="4"/><col min="13565" max="13565" width="30.33203125" style="4" customWidth="1"/><col min="13566" max="13566" width="11.6640625" style="4" customWidth="1"/><col min="13567" max="13567" width="10.88671875" style="4" bestFit="1" customWidth="1"/><col min="13568" max="13820" width="9.109375" style="4"/><col min="13821" max="13821" width="30.33203125" style="4" customWidth="1"/><col min="13822" max="13822" width="11.6640625" style="4" customWidth="1"/><col min="13823" max="13823" width="10.88671875" style="4" bestFit="1" customWidth="1"/><col min="13824" max="14076" width="9.109375" style="4"/><col min="14077" max="14077" width="30.33203125" style="4" customWidth="1"/><col min="14078" max="14078" width="11.6640625" style="4" customWidth="1"/><col min="14079" max="14079" width="10.88671875" style="4" bestFit="1" customWidth="1"/><col min="14080" max="14332" width="9.109375" style="4"/><col min="14333" max="14333" width="30.33203125" style="4" customWidth="1"/><col min="14334" max="14334" width="11.6640625" style="4" customWidth="1"/><col min="14335" max="14335" width="10.88671875" style="4" bestFit="1" customWidth="1"/><col min="14336" max="14588" width="9.109375" style="4"/><col min="14589" max="14589" width="30.33203125" style="4" customWidth="1"/><col min="14590" max="14590" width="11.6640625" style="4" customWidth="1"/><col min="14591" max="14591" width="10.88671875" style="4" bestFit="1" customWidth="1"/><col min="14592" max="14844" width="9.109375" style="4"/><col min="14845" max="14845" width="30.33203125" style="4" customWidth="1"/><col min="14846" max="14846" width="11.6640625" style="4" customWidth="1"/><col min="14847" max="14847" width="10.88671875" style="4" bestFit="1" customWidth="1"/><col min="14848" max="15100" width="9.109375" style="4"/><col min="15101" max="15101" width="30.33203125" style="4" customWidth="1"/><col min="15102" max="15102" width="11.6640625" style="4" customWidth="1"/><col min="15103" max="15103" width="10.88671875" style="4" bestFit="1" customWidth="1"/><col min="15104" max="15356" width="9.109375" style="4"/><col min="15357" max="15357" width="30.33203125" style="4" customWidth="1"/><col min="15358" max="15358" width="11.6640625" style="4" customWidth="1"/><col min="15359" max="15359" width="10.88671875" style="4" bestFit="1" customWidth="1"/><col min="15360" max="15612" width="9.109375" style="4"/><col min="15613" max="15613" width="30.33203125" style="4" customWidth="1"/><col min="15614" max="15614" width="11.6640625" style="4" customWidth="1"/><col min="15615" max="15615" width="10.88671875" style="4" bestFit="1" customWidth="1"/><col min="15616" max="15868" width="9.109375" style="4"/><col min="15869" max="15869" width="30.33203125" style="4" customWidth="1"/><col min="15870" max="15870" width="11.6640625" style="4" customWidth="1"/><col min="15871" max="15871" width="10.88671875" style="4" bestFit="1" customWidth="1"/><col min="15872" max="16124" width="9.109375" style="4"/><col min="16125" max="16125" width="30.33203125" style="4" customWidth="1"/><col min="16126" max="16126" width="11.6640625" style="4" customWidth="1"/><col min="16127" max="16127" width="10.88671875" style="4" bestFit="1" customWidth="1"/><col min="16128" max="16384" width="9.109375" style="4"/></cols><sheetData><row r="1" spans="1:3" ht="13.8" thickBot="1" x14ac:dyDescent="0.3"><c r="A1" s="124" t="s"><v>348</v></c><c r="B1" s="124"/><c r="C1" s="3"/></row><row r="2" spans="1:3" x14ac:dyDescent="0.25"><c r="A2" s="5" t="s"><v>349</v></c><c r="B2" s="6"><v>3</v></c><c r="C2" s="125" t="s"><v>350</v></c></row><row r="3" spans="1:3" x14ac:dyDescent="0.25"><c r="A3" s="7" t="s"><v>351</v></c><c r="B3" s="8"><v>2.5000000000000001E-2</v></c><c r="C3" s="126"/></row><row r="4" spans="1:3" x14ac:dyDescent="0.25"><c r="A4" s="7" t="s"><v>352</v></c><c r="B4" s="9"><v>6</v></c><c r="C4" s="126"/></row><row r="5" spans="1:3" x14ac:dyDescent="0.25"><c r="A5" s="7" t="s"><v>353</v></c><c r="B5" s="10"><v>11</v></c><c r="C5" s="126"/></row><row r="6" spans="1:3" ht="13.8" thickBot="1" x14ac:dyDescent="0.3"><c r="A6" s="11" t="s"><v>354</v></c><c r="B6" s="12"><v>100</v></c><c r="C6" s="127"/></row><row r="7" spans="1:3" ht="13.8" thickBot="1" x14ac:dyDescent="0.3"><c r="A7" s="13"/><c r="B7" s="14"/><c r="C7" s="15"/></row><row r="8" spans="1:3" x14ac:dyDescent="0.25"><c r="A8" s="16" t="s"><v>355</v></c><c r="B8" s="17"><f>(B3*B2)*1000</f><v>75.000000000000014</v></c><c r="C8" s="128" t="s"><v>356</v></c></row><row r="9" spans="1:3" x14ac:dyDescent="0.25"><c r="A9" s="18" t="s"><v>357</v></c><c r="B9" s="19"><f>B8/B4</f><v>12.500000000000002</v></c><c r="C9" s="129"/></row><row r="10" spans="1:3" x14ac:dyDescent="0.25"><c r="A10" s="20" t="s"><v>358</v></c><c r="B10" s="21"><f>B2*SQRT(3)*B5</f><v>57.157676649772952</v></c><c r="C10" s="129"/></row><row r="11" spans="1:3" x14ac:dyDescent="0.25"><c r="A11" s="18" t="s"><v>359</v></c><c r="B11" s="22"><f>B5*B9*1.73</f><v>237.87500000000006</v></c><c r="C11" s="129"/></row><row r="12" spans="1:3" ht="15" customHeight="1" x14ac:dyDescent="0.25"><c r="A12" s="23" t="s"><v>360</v></c><c r="B12" s="24"><f>(B6/1000*B4)/B3</f><v>24.000000000000004</v></c><c r="C12" s="129"/></row><row r="13" spans="1:3" x14ac:dyDescent="0.25"><c r="A13" s="23" t="s"><v>361</v></c><c r="B13" s="24"><f>B12/(B5*SQRT(3))</f><v>1.2596733145955474</v></c><c r="C13" s="129"/></row><row r="14" spans="1:3" ht="13.8" thickBot="1" x14ac:dyDescent="0.3"><c r="A14" s="11" t="s"><v>362</v></c><c r="B14" s="25"><f>B6*B4/B2/SQRT(3)/B5/1000</f><v>1.0497277621629561E-2</v></c><c r="C14" s="130"/></row><row r="19" ht="39.9" customHeight="1" x14ac:dyDescent="0.25"/><row r="20" ht="39.9" customHeight="1" x14ac:dyDescent="0.25"/><row r="21" ht="39.9" customHeight="1" x14ac:dyDescent="0.25"/></sheetData><mergeCells count="3"><mergeCell ref="A1:B1"/><mergeCell ref="C2:C6"/><mergeCell ref="C8:C14"/></mergeCells><printOptions gridLines="1" gridLinesSet="0"/><pageMargins left="0.75" right="0.75" top="1" bottom="1" header="0.5" footer="0.5"/><pageSetup paperSize="9" orientation="portrait" r:id="rId1"/><headerFooter alignWithMargins="0"><oddHeader>&amp;A</oddHeader><oddFooter>Page &amp;P</oddFooter></headerFooter></worksheet>