<?xml version="1.0" encoding="UTF-8" standalone="yes"?>
<worksheet xmlns="http://schemas.openxmlformats.org/spreadsheetml/2006/main" xmlns:r="http://schemas.openxmlformats.org/officeDocument/2006/relationships" xmlns:mc="http://schemas.openxmlformats.org/markup-compatibility/2006" mc:Ignorable="x14ac" xmlns:x14ac="http://schemas.microsoft.com/office/spreadsheetml/2009/9/ac"><sheetPr codeName="Sheet7"/><dimension ref="A1:D4"/><sheetViews><sheetView showGridLines="0" workbookViewId="0"><selection activeCell="D4" sqref="A1:D4"/></sheetView></sheetViews><sheetFormatPr defaultRowHeight="12.6" x14ac:dyDescent="0.25"/><cols><col min="1" max="1" width="18" customWidth="1"/><col min="2" max="2" width="37" customWidth="1"/><col min="3" max="3" width="18.5546875" bestFit="1" customWidth="1"/><col min="4" max="4" width="19.33203125" customWidth="1"/></cols><sheetData><row r="1" spans="1:4" ht="13.2" x14ac:dyDescent="0.25"><c r="A1" s="131"/><c r="B1" s="134" t="s"><v>3098</v></c><c r="C1" s="49" t="s"><v>3094</v></c><c r="D1" s="49" t="s"><v>3099</v></c></row><row r="2" spans="1:4" ht="13.2" x14ac:dyDescent="0.25"><c r="A2" s="132"/><c r="B2" s="135"/><c r="C2" s="49" t="s"><v>3095</v></c><c r="D2" s="50"><v>0</v></c></row><row r="3" spans="1:4" ht="13.2" x14ac:dyDescent="0.25"><c r="A3" s="132"/><c r="B3" s="135"/><c r="C3" s="51" t="s"><v>3096</v></c><c r="D3" s="52"><v>41760</v></c></row><row r="4" spans="1:4" ht="13.2" x14ac:dyDescent="0.25"><c r="A4" s="133"/><c r="B4" s="136"/><c r="C4" s="51" t="s"><v>3097</v></c><c r="D4" s="53"><v>42094</v></c></row></sheetData><mergeCells count="2"><mergeCell ref="A1:A4"/><mergeCell ref="B1:B4"/></mergeCells><pageMargins left="0.7" right="0.7" top="0.75" bottom="0.75" header="0.3" footer="0.3"/><drawing r:id="rId1"/></worksheet>