<?xml version="1.0" encoding="UTF-8" standalone="yes"?>
<worksheet xmlns="http://schemas.openxmlformats.org/spreadsheetml/2006/main" xmlns:r="http://schemas.openxmlformats.org/officeDocument/2006/relationships" xmlns:mc="http://schemas.openxmlformats.org/markup-compatibility/2006" mc:Ignorable="x14ac" xmlns:x14ac="http://schemas.microsoft.com/office/spreadsheetml/2009/9/ac"><sheetPr codeName="Sheet6"/><dimension ref="A1:G14"/><sheetViews><sheetView workbookViewId="0"><selection activeCell="G12" sqref="G12"/></sheetView></sheetViews><sheetFormatPr defaultColWidth="9.109375" defaultRowHeight="13.2" x14ac:dyDescent="0.25"/><cols><col min="1" max="1" width="18.33203125" style="26" bestFit="1" customWidth="1"/><col min="2" max="2" width="27.5546875" style="26" bestFit="1" customWidth="1"/><col min="3" max="3" width="18.33203125" style="26" bestFit="1" customWidth="1"/><col min="4" max="4" width="22.33203125" style="26" bestFit="1" customWidth="1"/><col min="5" max="5" width="16" style="26" bestFit="1" customWidth="1"/><col min="6" max="16384" width="9.109375" style="26"/></cols><sheetData><row r="1" spans="1:7" s="28" customFormat="1" x14ac:dyDescent="0.25"><c r="A1" s="28" t="s"><v>363</v></c><c r="B1" s="28" t="s"><v>368</v></c><c r="C1" s="28" t="s"><v>374</v></c><c r="D1" s="28" t="s"><v>3065</v></c><c r="E1" s="28" t="s"><v>3084</v></c><c r="G1" s="28" t="s"><v>3090</v></c></row><row r="2" spans="1:7" x14ac:dyDescent="0.25"><c r="A2" s="26" t="s"><v>364</v></c><c r="B2" s="26"><v>0.23</v></c><c r="C2" s="26"><v>3</v></c><c r="D2" s="26" t="s"><v>3066</v></c><c r="E2" s="26"><v>15</v></c><c r="G2" s="26" t="s"><v>3091</v></c></row><row r="3" spans="1:7" x14ac:dyDescent="0.25"><c r="A3" s="26" t="s"><v>365</v></c><c r="B3" s="26"><v>0.4</v></c><c r="C3" s="26"><v>3</v></c><c r="D3" s="26" t="s"><v>3067</v></c><c r="E3" s="26"><v>16</v></c><c r="G3" s="26" t="s"><v>3092</v></c></row><row r="4" spans="1:7" x14ac:dyDescent="0.25"><c r="A4" s="26" t="s"><v>366</v></c><c r="B4" s="26"><v>2.2000000000000002</v></c><c r="C4" s="26"><v>2.5</v></c><c r="D4" s="26" t="s"><v>3068</v></c><c r="E4" s="26"><v>25</v></c></row><row r="5" spans="1:7" x14ac:dyDescent="0.25"><c r="A5" s="26" t="s"><v>367</v></c><c r="B5" s="26"><v>3.3</v></c><c r="C5" s="26"><v>2.5</v></c><c r="E5" s="26"><v>50</v></c></row><row r="6" spans="1:7" x14ac:dyDescent="0.25"><c r="B6" s="26"><v>6.6</v></c><c r="C6" s="26"><v>2.5</v></c><c r="E6" s="26"><v>75</v></c></row><row r="7" spans="1:7" x14ac:dyDescent="0.25"><c r="B7" s="26"><v>11</v></c><c r="C7" s="26"><v>2.5</v></c><c r="E7" s="26"><v>100</v></c></row><row r="8" spans="1:7" x14ac:dyDescent="0.25"><c r="B8" s="26"><v>22</v></c><c r="C8" s="26"><v>2.5</v></c><c r="E8" s="26"><v>200</v></c></row><row r="9" spans="1:7" x14ac:dyDescent="0.25"><c r="B9" s="26"><v>33</v></c><c r="C9" s="26"><v>2.5</v></c><c r="E9" s="26"><v>315</v></c></row><row r="10" spans="1:7" x14ac:dyDescent="0.25"><c r="E10" s="26"><v>500</v></c></row><row r="11" spans="1:7" x14ac:dyDescent="0.25"><c r="E11" s="26" t="s"><v>3085</v></c></row><row r="12" spans="1:7" x14ac:dyDescent="0.25"><c r="E12" s="26" t="s"><v>3086</v></c></row><row r="13" spans="1:7" x14ac:dyDescent="0.25"><c r="E13" s="26" t="s"><v>3087</v></c></row><row r="14" spans="1:7" x14ac:dyDescent="0.25"><c r="E14" s="26" t="s"><v>0</v></c></row></sheetData><pageMargins left="0.7" right="0.7" top="0.75" bottom="0.75" header="0.3" footer="0.3"/></worksheet>