<?xml version="1.0" encoding="UTF-8" standalone="yes"?>
<cp:coreProperties xmlns:cp="http://schemas.openxmlformats.org/package/2006/metadata/core-properties" xmlns:dc="http://purl.org/dc/elements/1.1/" xmlns:dcterms="http://purl.org/dc/terms/" xmlns:dcmitype="http://purl.org/dc/dcmitype/" xmlns:xsi="http://www.w3.org/2001/XMLSchema-instance"><dc:creator>Brendon Pietersen</dc:creator><cp:lastModifiedBy>Peace Lekalakala</cp:lastModifiedBy><cp:lastPrinted>2017-07-13T09:26:58Z</cp:lastPrinted><dcterms:created xsi:type="dcterms:W3CDTF">1999-01-11T05:57:17Z</dcterms:created><dcterms:modified xsi:type="dcterms:W3CDTF">2017-07-14T08:08:07Z</dcterms:modified></cp:coreProperties>