<?xml version="1.0" encoding="UTF-8" standalone="yes"?>
<xdr:wsDr xmlns:xdr="http://schemas.openxmlformats.org/drawingml/2006/spreadsheetDrawing" xmlns:a="http://schemas.openxmlformats.org/drawingml/2006/main"><xdr:twoCellAnchor editAs="oneCell"><xdr:from><xdr:col>0</xdr:col><xdr:colOff>171449</xdr:colOff><xdr:row>0</xdr:row><xdr:rowOff>114301</xdr:rowOff></xdr:from><xdr:to><xdr:col>0</xdr:col><xdr:colOff>1076324</xdr:colOff><xdr:row>3</xdr:row><xdr:rowOff>29475</xdr:rowOff></xdr:to><xdr:pic><xdr:nvPicPr><xdr:cNvPr id="3" name="Picture 2"/><xdr:cNvPicPr><a:picLocks noChangeAspect="1"/></xdr:cNvPicPr></xdr:nvPicPr><xdr:blipFill><a:blip xmlns:r="http://schemas.openxmlformats.org/officeDocument/2006/relationships" r:embed="rId1"/><a:stretch><a:fillRect/></a:stretch></xdr:blipFill><xdr:spPr><a:xfrm><a:off x="171449" y="114301"/><a:ext cx="904875" cy="400949"/></a:xfrm><a:prstGeom prst="rect"><a:avLst/></a:prstGeom></xdr:spPr></xdr:pic><xdr:clientData/></xdr:twoCellAnchor></xdr:wsDr>