<?xml version="1.0" encoding="UTF-8" standalone="yes"?>
<xdr:wsDr xmlns:xdr="http://schemas.openxmlformats.org/drawingml/2006/spreadsheetDrawing" xmlns:a="http://schemas.openxmlformats.org/drawingml/2006/main"><mc:AlternateContent xmlns:mc="http://schemas.openxmlformats.org/markup-compatibility/2006"><mc:Choice xmlns:a14="http://schemas.microsoft.com/office/drawing/2010/main" Requires="a14"><xdr:twoCellAnchor editAs="oneCell"><xdr:from><xdr:col>1</xdr:col><xdr:colOff>7620</xdr:colOff><xdr:row>10</xdr:row><xdr:rowOff>0</xdr:rowOff></xdr:from><xdr:to><xdr:col>4</xdr:col><xdr:colOff>373380</xdr:colOff><xdr:row>11</xdr:row><xdr:rowOff>22860</xdr:rowOff></xdr:to><xdr:sp macro="" textlink=""><xdr:nvSpPr><xdr:cNvPr id="2057" name="FdrList" hidden="1"><a:extLst><a:ext uri="{63B3BB69-23CF-44E3-9099-C40C66FF867C}"><a14:compatExt spid="_x0000_s2057"/></a:ext></a:extLst></xdr:cNvPr><xdr:cNvSpPr/></xdr:nvSpPr><xdr:spPr><a:xfrm><a:off x="0" y="0"/><a:ext cx="0" cy="0"/></a:xfrm><a:prstGeom prst="rect"><a:avLst/></a:prstGeom></xdr:spPr></xdr:sp><xdr:clientData/></xdr:twoCellAnchor></mc:Choice><mc:Fallback/></mc:AlternateContent><mc:AlternateContent xmlns:mc="http://schemas.openxmlformats.org/markup-compatibility/2006"><mc:Choice xmlns:a14="http://schemas.microsoft.com/office/drawing/2010/main" Requires="a14"><xdr:twoCellAnchor editAs="oneCell"><xdr:from><xdr:col>1</xdr:col><xdr:colOff>7620</xdr:colOff><xdr:row>8</xdr:row><xdr:rowOff>0</xdr:rowOff></xdr:from><xdr:to><xdr:col>4</xdr:col><xdr:colOff>373380</xdr:colOff><xdr:row>9</xdr:row><xdr:rowOff>22860</xdr:rowOff></xdr:to><xdr:sp macro="" textlink=""><xdr:nvSpPr><xdr:cNvPr id="2058" name="SubStList" hidden="1"><a:extLst><a:ext uri="{63B3BB69-23CF-44E3-9099-C40C66FF867C}"><a14:compatExt spid="_x0000_s2058"/></a:ext></a:extLst></xdr:cNvPr><xdr:cNvSpPr/></xdr:nvSpPr><xdr:spPr><a:xfrm><a:off x="0" y="0"/><a:ext cx="0" cy="0"/></a:xfrm><a:prstGeom prst="rect"><a:avLst/></a:prstGeom></xdr:spPr></xdr:sp><xdr:clientData/></xdr:twoCellAnchor></mc:Choice><mc:Fallback/></mc:AlternateContent><xdr:twoCellAnchor editAs="oneCell"><xdr:from><xdr:col>0</xdr:col><xdr:colOff>20411</xdr:colOff><xdr:row>0</xdr:row><xdr:rowOff>18598</xdr:rowOff></xdr:from><xdr:to><xdr:col>6</xdr:col><xdr:colOff>0</xdr:colOff><xdr:row>2</xdr:row><xdr:rowOff>3960</xdr:rowOff></xdr:to><xdr:pic><xdr:nvPicPr><xdr:cNvPr id="4" name="Picture 3"/><xdr:cNvPicPr><a:picLocks noChangeAspect="1"/></xdr:cNvPicPr></xdr:nvPicPr><xdr:blipFill><a:blip xmlns:r="http://schemas.openxmlformats.org/officeDocument/2006/relationships" r:embed="rId1"><a:extLst><a:ext uri="{28A0092B-C50C-407E-A947-70E740481C1C}"><a14:useLocalDpi xmlns:a14="http://schemas.microsoft.com/office/drawing/2010/main" val="0"/></a:ext></a:extLst></a:blip><a:stretch><a:fillRect/></a:stretch></xdr:blipFill><xdr:spPr><a:xfrm><a:off x="20411" y="18598"/><a:ext cx="6966857" cy="739198"/></a:xfrm><a:prstGeom prst="rect"><a:avLst/></a:prstGeom></xdr:spPr></xdr:pic><xdr:clientData/></xdr:twoCellAnchor></xdr:wsDr>